[
  {
    "price": "$139.00",
    "title": "[Sponsored]Vincero Luxury Men’s Kairos Wrist Watch — Blue dial with Brown Leather Watch Band — 42mm Analog Watch — Japanese Quartz Movement"
  },
  {
    "price": "$199.00",
    "title": "[Sponsored]Vincero Luxury Men’s Bellwether Wrist Watch — Rose Gold/White with Brown Leather Watch Band — 43mm Chronograph Watch — Japanese Quartz Movement"
  },
  {
    "price": "$115.00",
    "title": "[Sponsored]MVMT Boulevard Watches | 38 MM Women's Analog Watch | Santa Monica"
  },
  {
    "price": "$8.99",
    "title": "[Sponsored]Gets Men Classic Watches Leather Strap Simple Dial Date Calendar Analogue Display Wrist Watch"
  },
  {
    "price": "$24.78",
    "title": "SONGDU Men's Ultra-Thin Quartz Analog Date Wrist Watch with Black Leather Strap"
  },
  {
    "price": "$12.99",
    "title": "Men's Digital Sports Watch LED Screen Large Face Military Watches and Waterproof Casual Luminous Stopwatch Alarm Simple Army Watch - Black"
  },
  {
    "price": "$19.99",
    "title": "Watch VOEONS Slim Mens Watches, Analog Quartz Casual Black Wrist Watch for Men"
  },
  {
    "price": "$12.99",
    "title": "Timsty Electronic Sports Watch with LED Backlight,Water Resistant Quartz Digital Watches"
  },
  {
    "price": "$20.99",
    "title": "Tonnier Black Stainless Steel Slim Men Watch Quartz Watch"
  },
  {
    "price": "$22.99",
    "title": "Watch VOEONS Mens Watches Brown Leather Classical Casual Clearance Wrist Watch for Men"
  },
  {
    "price": "$349.99",
    "title": "Samsung Galaxy Watch (46mm) Silver (Bluetooth), SM-R800NZSAXAR – US Version with Warranty"
  },
  {
    "price": "$20.99",
    "title": "KASHIDUN Men's Watches Sports Military Quartz Wristwatches Waterproof Chronograph Stainless Steel Band Black Color 998-QHG"
  },
  {
    "price": "$14.99",
    "title": "Mens Analog Quartz Wrist Watch - Classic Casual Watch with Brown Leather Band Large Face Watches for Men"
  },
  {
    "price": "$14.99",
    "title": "CNPGD [U.S. Warranty] All-in-1 Smartwatch and Watch Cell Phone Black for iPhone, Android, Samsung, Galaxy Note, Nexus, HTC, Sony"
  },
  {
    "price": "$37.99",
    "title": "BOBO Bird Wooden Mens Watches Large Size Stylish Wood & Stainless Steel Combined Chronograph Military Quartz Watch (Balck Wood Band)"
  },
  {
    "price": "$27.99 - $30.00",
    "title": "LETSCOM Fitness Tracker HR, Activity Tracker Watch with Heart Rate Monitor, Waterproof Smart Fitness Band with Step Counter, Calorie Counter, Pedometer Watch for Kids Women and Men"
  },
  {
    "price": "$12.99",
    "title": "Digital Sports Watch Water Resistant Outdoor Easy Read Military Back Light Black Big Face Men's 1167 (Black)"
  },
  {
    "price": "$13.07",
    "title": "Mens Quartz Watch, Roman Numeral Business Casual Fashion Analog Wrist watch Classic Calendar Date Window, Waterproof 30M Water Resistant Comfortable PU Leather Watches -Brown"
  },
  {
    "price": "$0.46",
    "title": "Loweryeah Unisex Classic Retro Quartz Watch Roman Numerals Dial with Rhombic Pointer PU Leather Strap"
  },
  {
    "price": "$25.99",
    "title": "Bluetooth Smart Watch Fitness Tracker, Qidoou Sport Watch Touch Screen Camera Pedometer Sleep Monitor Call/Message Reminder Music Player Anti-Lost Compatible Android and iOS iPhone (Black)"
  },
  {
    "price": "$7.99",
    "title": "OMOTON Tempered Glass Screen Protector Compatible Samsung Gear S3 & Galaxy Watch 46mm [3 Pack]"
  },
  {
    "price": "$8.99",
    "title": "Pokeball Pocket Watch, Pokemon Pocket Watches for Boys, Cute Gifts for Kids"
  },
  {
    "price": "$28.99",
    "title": "Watches Mens Luxury Steel Band Quartz Analog Wrist Watch with Chronograph Waterproof Date Men's Watch Auto Date,Blue"
  },
  {
    "price": "$7.40 - $29.99",
    "title": "AdMaster Compatible for Apple Watch Bands 38mm 42mm,Soft Silicone Replacement Wristband for iWatch Apple Watch Series 1/2/3"
  },
  {
    "price": "$30.55",
    "title": "Timex Unisex T2N647 Weekender Black Nylon Slip-Thru Strap Watch"
  },
  {
    "price": "$13.99",
    "title": "Kids Digital Watch,Boys Sports Waterproof Led Watches With Alarm,Wrist Watch For Boys Girls Childrens"
  },
  {
    "price": "$14.99",
    "title": "Kids Digital Sport Watch Outdoor Waterproof LED Watch with Alarm for Child Boy Girls Gift Kids Watch"
  },
  {
    "price": "$24.99",
    "title": "[Sponsored]L8star Fitness Tracker with Heart Rate Blood Pressure Monitor Real-Time Pedometer Calorie Counter Sport Activity Tracker Sleep Monitoring Sedentary and Call Reminder for iOS and Android"
  },
  {
    "price": "$13.99",
    "title": "[Sponsored]Padgene DZ09 Bluetooth Smart Watch with Camera"
  },
  {
    "price": "$19.99",
    "title": "[Sponsored]IWOODEN Wood Watch for Men Quartz Mens Watch Engraved Wooden Personlized Wrist Watch with Watch Gift Case for Men (Without Engraved)"
  },
  {
    "price": "$35.99",
    "title": "[Sponsored]Mens Digital Sports Watches 50M Waterproof 60 Stopwatch 3 Alarm 2 Time Zone"
  },
  {
    "price": "$18.74",
    "title": "Armitron Sport Women's 45/7086NVY Digital Chronograph Navy Blue Resin Strap Watch"
  },
  {
    "price": "$21.89",
    "title": "BINZI Big Face Sports Watch for Men, Waterproof Military Wrist Digital Watches in Black Silicone Band"
  },
  {
    "price": "$29.95 - $32.95",
    "title": "Akuti Fitness Tracker HR, Fitness Watch with Heart Rate Monitor, Activity Tracker, Sleep Monitor, Step Counter Calories Watch, IPX7 Waterproof Smart Wristband Pedometer"
  },
  {
    "price": "$27.99",
    "title": "Black Wrist Watches for Men - VOEONS Men's Analog Quartz Chronograph Casual Leather Watch"
  },
  {
    "price": "$13.99",
    "title": "Padgene DZ09 Bluetooth Smart Watch with Camera"
  },
  {
    "price": "$31.99",
    "title": "BENYAR Chronograph Waterproof Watches Business and Sport Design Brown Leather Band Strap Wrist Watch for Men (L Silver Black B)"
  },
  {
    "price": "$14.99",
    "title": "Kid Watch Multi Function Digital LED Sport Waterproof Electronic Quartz Watches for Child Boy Girls Gift Green"
  },
  {
    "price": "$29.25",
    "title": "Timex Women's TW2R30300 Easy Reader Croco Pattern Brown Leather Strap Watch"
  },
  {
    "price": "$36.99",
    "title": "Smart Watch,Bluetooth Smartwatch Touch Screen Wrist Watch with Camera/SIM Card Slot,Waterproof Phone Smart Watch Sports Fitness Tracker Compatible Android Phone iOS Phones for Men Women Kids (Black)"
  },
  {
    "price": "$9.88",
    "title": "Moulin Ladies Pastel Color Digital Jelly Watch Pink #03158-76626"
  },
  {
    "price": "$29.99",
    "title": "Men Business Watches Chronograph, Mini Focus Fashion Waterproof Quartz Wrist Watch for Family Gift"
  },
  {
    "price": "$9.99",
    "title": "Paw Patrol Kids' Digital Watch with Blue Case, Comfortable Blue Strap, Easy to Buckle - Official 3D Paw Patrol Character on The Dial, Safe for Children - Model: PAW4015"
  },
  {
    "price": "$31.23",
    "title": "Nine West Women's NW/2044RGPK Rose Gold-Tone and Blush Pink Strap Watch"
  },
  {
    "price": "$19.99",
    "title": "U.S. Polo Assn. Women's USC40078 Rose Gold-Tone Bracelet Watch"
  },
  {
    "price": "$6.99",
    "title": "[2-Pack] Supershieldz for Samsung Galaxy Watch (42mm) Tempered Glass Screen Protector, Anti-Scratch, Bubble Free, Lifetime Replacement Warranty"
  },
  {
    "price": "$23.99",
    "title": "Fashion Luxury Stainless Steel Calendar Diamond Luminous Waterproof Sports Women Or Men Quartz Watch (Red Silver Gold)"
  },
  {
    "price": "$139.00",
    "title": "Vincero Luxury Men’s Kairos Wrist Watch — Rose Gold with Brown Leather Watch Band — 42mm Analog Watch — Japanese Quartz Movement"
  },
  {
    "price": "$9.88",
    "title": "Moulin Ladies Pastel Color Digital Jelly Watch Mint #03158-76625"
  },
  {
    "price": "$19.99",
    "title": "SK Women Watches Leather Band Luxury Quartz Watches Girls Ladies Wristwatch Relogio Feminino (Brown)"
  },
  {
    "price": "$15.99",
    "title": "Mens Military Waterproof Digital Watch Analog Display Sports Watches Multifunctional Wrist Watches for Men (Dark grey)"
  },
  {
    "price": "$32.99",
    "title": "Watch Case for Men 5 Slots Solid Wood Storage Organizer Display Box Exquisite and Durable"
  },
  {
    "price": "$3.99 - $13.99",
    "title": "The Watch"
  },
  {
    "price": "$25.00",
    "title": "[Sponsored]VOCARO | State of The Art Mens Minimalistic Classic Watch Limited Edition 2018 (Black Rose)"
  },
  {
    "price": "$196.06",
    "title": "[Sponsored]Mulco Kripton Viper Quartz Multifunction Movement Men's Watch | Premium Analog Display with Rose Gold Accents | Silicone Watch Band | Water Resistant Stainless Steel Watch (Black)"
  },
  {
    "price": "$300.00",
    "title": "[Sponsored]Mulco La Fleur Hortensia Swiss Chronograph Quartz Movement Women's Watch | Premium Mother of Pearl and Swarovski Sundial Display Rose Gold Accents | Silicone Watch Band | Water Resistant (Blue Ice)"
  },
  {
    "price": "$17.99",
    "title": "[Sponsored]Watch, Mens Watch, Multifunction Digital LED Watch Waterproof Analog Sport Watch for Men Date Alarm Leather Wrist Watch (Brown)"
  }
]