[{"title":"Mars (planet) – Wikipedia","link":"https://no.wikipedia.org/wiki/Mars_(planet)"},{"title":"Mars - Norsk Romsenter","link":"https://www.romsenter.no/no/Laer-om-rommet/Solsystemet/Mars"},{"title":"Mars – planet – Store norske leksikon","link":"https://snl.no/Mars_-_planet"},{"title":"Mars Mobile - NASA's Mars Exploration Program","link":"https://mars.nasa.gov/allaboutmars/"},{"title":"Mars | Planet | Illvit.no","link":"https://illvit.no/universet/solsystemet/mars"},{"title":"Mars Norge Hjem","link":"http://www.mars.com/nordics/no"},{"title":"Mars - Astronomi.no","link":"http://www.astronomi.no/DNP/nineplanets/mars.html"},{"title":"Mars is closest to the sun today | Astronomy Essentials | EarthSky","link":"http://earthsky.org/astronomy-essentials/mars-perihelion-closest-to-sun?utm_campaign=shareaholic&utm_medium=facebook&utm_source=socialnetwork"},{"title":"Trodde planeten Mars var nødbluss – NRK Telemark – Lokale nyheter ...","link":"https://www.nrk.no/telemark/trodde-planeten-mars-var-nodbluss-1.14140817"}]