[{
  "title": "Central, cozy and modern!",
  "description": "ENTIRE APARTMENT · 2 BEDS",
  "price": "Price$47 per night\n",
  "review": "84",
  "link": "https://a0.muscache.com/im/pictures/5922511c-859b-49d3-a41b-ee8c920f4d73.jpg"
}, {
  "title": "Great location, room & breakfast, no cleaning fee",
  "description": "PRIVATE ROOM · 5 BEDS",
  "price": "Price$44 per night\n",
  "review": "201",
  "link": "https://a0.muscache.com/im/pictures/9889b5ed-efcd-4850-965d-19a7165f5169.jpg"
}, {
  "title": "As central you wish and get",
  "description": "ENTIRE APARTMENT · 2 BEDS",
  "price": "Price$69 per night\n",
  "review": "225",
  "link": "https://a0.muscache.com/im/pictures/20296119/3bf243a0_original.jpg"
}, {
  "title": "Nice central city flat for 1-2 pers",
  "description": "ENTIRE APARTMENT · 1 BED",
  "price": "Price$72 per night\n",
  "review": "306",
  "link": "https://a0.muscache.com/im/pictures/8312956/5f9fe3c8_original.jpg"
}, {
  "title": "Your own Lakeview house - with swimming pool",
  "description": "ENTIRE GUESTHOUSE · 4 BEDS",
  "price": "Price$47 per night\n",
  "review": "80",
  "link": "https://a0.muscache.com/im/pictures/88856175/c654972c_original.jpg"
}, {
  "title": "Cosy apartment in Old Town",
  "description": "ENTIRE APARTMENT · 1 BED",
  "price": "Price$88 per night\n",
  "review": "95",
  "link": "https://a0.muscache.com/im/pictures/57d24ec7-84d5-4151-844c-a4012a02250e.jpg"
}, {
  "title": "Central bright studio in calm area nearby SoFo",
  "description": "ENTIRE APARTMENT · 2 BEDS",
  "price": "Price$82 per night\n",
  "review": "98",
  "link": "https://a0.muscache.com/im/pictures/e6e9cc73-e9aa-466b-ab42-e4499ce92750.jpg"
}, {
  "title": "Fabolous Sea Cottage in archipelago",
  "description": "ENTIRE GUESTHOUSE · 3 BEDS",
  "price": "Price$210 per night\n",
  "review": "56",
  "link": "https://a0.muscache.com/im/pictures/16953773/c2b8b055_original.jpg"
}, {
  "title": "Fluffy Dog + Lux Apt Close to Central Station",
  "description": "PRIVATE ROOM · 3 BEDS",
  "price": "Price$53 per night\n",
  "review": "142",
  "link": "https://a0.muscache.com/im/pictures/caa89a70-8d28-4d87-a78a-d48cce97d173.jpg"
}, {
  "title": "5* Eco Log Cottage near Stockholm.Spa,Sea,Forest!",
  "description": "ENTIRE COTTAGE · 2 BEDS",
  "price": "Price$65 per night\n",
  "review": "216",
  "link": "https://a0.muscache.com/im/pictures/702486db-fe21-46e2-9eeb-069faf1966e9.jpg"
}, {
  "title": "Studio in the center of Stockholm",
  "description": "ENTIRE SERVICED APARTMENT · 2 BEDS",
  "price": "Price$59 per night\n",
  "review": "208",
  "link": "https://a0.muscache.com/im/pictures/10253487/9282b5bc_original.jpg"
}, {
  "title": "Big room CENTRAL IN THE CITY, OWN ENTRANCE!",
  "description": "ENTIRE GUEST SUITE · 1 BED",
  "price": "Price$58 per night\n",
  "review": "65",
  "link": "https://a0.muscache.com/im/pictures/77dadaad-abdb-4daa-b957-a21b7931aeed.jpg"
}, {
  "title": "Studio/apartment Danderyd, close to nature & city",
  "description": "ENTIRE APARTMENT · 2 BEDS",
  "price": "Price$50 per night\n",
  "review": "62",
  "link": "https://a0.muscache.com/im/pictures/7b5560db-214b-4d70-9df5-677d4c0b0c6a.jpg"
}, {
  "title": "Bed & breakfast Dalagatan Stockholm Sweden",
  "description": "PRIVATE ROOM · 2 BEDS",
  "price": "Price$33 per night\n",
  "review": "9",
  "link": "https://a0.muscache.com/im/pictures/a170926d-8366-406b-9409-fa01df4e2ee5.jpg"
}, {
  "title": "Waterfront Cottage",
  "description": "ENTIRE GUESTHOUSE · 4 BEDS",
  "price": "Price$39 per night\n",
  "review": "25",
  "link": "https://a0.muscache.com/im/pictures/9a3a3081-5f9e-4731-b3b4-a5dd67b82c72.jpg"
}, {
  "title": "Central Location & Free Airport Pick-Up",
  "description": "ENTIRE APARTMENT · 4 BEDS",
  "price": "Price$105 per night\n",
  "review": "87",
  "link": "https://a0.muscache.com/im/pictures/96744c32-e154-404f-8346-27c9119b08a9.jpg"
}, {
  "title": "Studio apartment in the heart of Södermalm",
  "description": "ENTIRE APARTMENT · 1 BED",
  "price": "Price$108 per night\n",
  "review": "197",
  "link": "https://a0.muscache.com/im/pictures/95a20ea0-4fab-413b-846c-131f429fef43.jpg"
}, {
  "title": "Stay in paradise between city and airport",
  "description": "PRIVATE ROOM · 2 BEDS",
  "price": "Price$39 per night\n",
  "review": "103",
  "link": "https://a0.muscache.com/im/pictures/f5eb34ec-1919-4245-8161-3f5f369af799.jpg"
}]
